{
  "epoch": [
    1,
    2,
    3,
    4,
    5,
    6,
    7,
    8,
    9,
    10
  ],
  "train_total": [
    5.43913012222786,
    4.908029977632397,
    4.5617071157509,
    4.299844624950042,
    4.088667432027222,
    3.903417556904596,
    3.744188273490148,
    3.6015603327893833,
    3.462784555094347,
    3.325828040533369
  ],
  "val_total": [
    5.206457012108964,
    4.9286556140695135,
    4.788683186947156,
    4.636713581488628,
    4.5798436794384205,
    4.493025969473881,
    4.459789429517785,
    4.411409492980536,
    4.414170292874481,
    4.397746043198225
  ],
  "train_category_ce": [
    1.0574571621197009,
    0.9414424595735664,
    0.8650669494563333,
    0.808665357376624,
    0.7622406697247854,
    0.7205914480204288,
    0.6843055765370686,
    0.652415075430233,
    0.6209771687285869,
    0.5880331956665142
  ],
  "train_gender_ce": [
    0.29946592316742754,
    0.2498027249195117,
    0.22051307034040674,
    0.19945830057537364,
    0.18364851748864156,
    0.1699469578599917,
    0.1593223777001665,
    0.14764395533061775,
    0.1394664188934499,
    0.1315405595987519
  ],
  "train_material_ce": [
    1.130729772617217,
    1.0799856173499205,
    1.0456533155314605,
    1.0150079206596503,
    0.9869423720100536,
    0.9562787958586467,
    0.9276959763319196,
    0.8984458093181918,
    0.8631155169081156,
    0.8242794426272636
  ],
  "train_caption_nll": [
    3.1012102264346395,
    2.7617005396501852,
    2.5407303131408754,
    2.376442201310891,
    2.2476601315791327,
    2.141573833037019,
    2.0525255314525777,
    1.9768774715534665,
    1.9089586603070186,
    1.8477451249648955
  ],
  "val_category_ce": [
    0.9843405391920158,
    0.8976231865617834,
    0.8505930172886921,
    0.7944323767949605,
    0.7873646944130928,
    0.7551860278073755,
    0.7407379013766108,
    0.7174668571835249,
    0.7094352120433719,
    0.7069931595535391
  ],
  "val_gender_ce": [
    0.23591278560104126,
    0.2077303748528358,
    0.19700883961829188,
    0.1800895425460342,
    0.1622738404207727,
    0.14652315754373776,
    0.14212515705118053,
    0.14585230148576503,
    0.14299966230213393,
    0.125448186577202
  ],
  "val_material_ce": [
    1.091147905403443,
    1.0511604231153282,
    1.033170348426361,
    1.0096514764760904,
    0.9927219440505473,
    0.9821654536192839,
    0.9842896119192558,
    0.9698016091748757,
    0.9856039404106797,
    0.9834764509938705
  ],
  "val_caption_nll": [
    3.013012182753601,
    2.8760068065945408,
    2.8064154115030466,
    2.7425849630043415,
    2.718620124616121,
    2.6824129033546056,
    2.6636993372551747,
    2.6512148808330607,
    2.6476313060454646,
    2.644552338727284
  ]
}